"Handle","Title","Body (HTML)","Vendor","Product Category","Type","Tags","Published","Variant Price","Variant Requires Shipping","Variant Taxable","Status"
"spoeltafel-rvs","RVS spoeltafel","<p>Onze spoeltafels worden in eigen werkplaats vervaardigd uit hoogwaardig roestvrij staal. Lengte, diepte, aantal spoelbakken, opstaande randen en onderstel stemmen we af op uw keuken en werkproces. Naadloos gelast en hygiënisch af te werken, geschikt voor intensief professioneel gebruik.</p><h3>Specificaties</h3><ul><li><strong>Materiaal:</strong> RVS 304 (AISI 304), optioneel 316</li><li><strong>Plaatdikte:</strong> 1,2 – 1,5 mm</li><li><strong>Afmetingen:</strong> Volledig op maat</li><li><strong>Afwerking:</strong> Geborsteld / korrel 240</li></ul><h3>Mogelijke opties</h3><ul><li>Eén of meerdere spoelbakken</li><li>Achteropstand</li><li>Onderplank</li><li>Kraangat(en)</li><li>Verstelbare poten</li></ul><p><em>Maatwerk – prijs op aanvraag.</em></p>","Firma S. van der Voet & Co. B.V.","","Horeca & grootkeuken","Horeca & grootkeuken, maatwerk, offerte","TRUE","0.00","FALSE","TRUE","draft"
"spoelbak-inbouw","Inbouw spoelbak","<p>Spoelbakken op maat voor inbouw in bestaande of nieuwe werkbladen. Afgeronde hoeken voor eenvoudige reiniging en een afvoer op de door u gewenste positie.</p><h3>Specificaties</h3><ul><li><strong>Materiaal:</strong> RVS 304</li><li><strong>Afmetingen:</strong> Op maat, standaarddiepte 300 mm</li><li><strong>Montage:</strong> Inbouw of ingelast</li></ul><h3>Mogelijke opties</h3><ul><li>Overloop</li><li>Afvoerplug met korf</li><li>Geluiddemping onderzijde</li></ul><p><em>Maatwerk – prijs op aanvraag.</em></p>","Firma S. van der Voet & Co. B.V.","","Horeca & grootkeuken","Horeca & grootkeuken, maatwerk, offerte","TRUE","0.00","FALSE","TRUE","draft"
"werkblad-rvs","RVS werkblad","<p>Werkbladen voor professionele keukens, laboratoria en werkplaatsen. We verwerken uitsparingen voor kookplaten, spoelbakken en apparatuur direct in het blad, zodat u een naadloos en hygiënisch geheel krijgt.</p><h3>Specificaties</h3><ul><li><strong>Materiaal:</strong> RVS 304 / 316</li><li><strong>Afmetingen:</strong> Op maat, ook in hoekopstelling</li><li><strong>Kern:</strong> Optioneel verstevigd met multiplex of honingraat</li></ul><h3>Mogelijke opties</h3><ul><li>Uitsparingen voor inbouwapparatuur</li><li>Achteropstand</li><li>Waterkering</li><li>Afgeronde voorkant</li></ul><p><em>Maatwerk – prijs op aanvraag.</em></p>","Firma S. van der Voet & Co. B.V.","","Horeca & grootkeuken","Horeca & grootkeuken, maatwerk, offerte","TRUE","0.00","FALSE","TRUE","draft"
"inbouw-kookplaat","Inbouwframe kookplaat","<p>Wij maken en monteren inbouwkookplaten en de bijbehorende frames en kookblokken. Perfect passend rond uw apparatuur, met aandacht voor ventilatie en bereikbaarheid voor onderhoud.</p><h3>Specificaties</h3><ul><li><strong>Materiaal:</strong> RVS 304</li><li><strong>Geschikt voor:</strong> Gas, inductie, bakplaat, frituur</li><li><strong>Montage:</strong> Inclusief plaatsing op locatie</li></ul><h3>Mogelijke opties</h3><ul><li>Kookeiland</li><li>Onderkasten</li><li>Lades</li><li>Ventilatieroosters</li></ul><p><em>Maatwerk – prijs op aanvraag.</em></p>","Firma S. van der Voet & Co. B.V.","","Horeca & grootkeuken","Horeca & grootkeuken, maatwerk, offerte","TRUE","0.00","FALSE","TRUE","draft"
"afzuigkap","Afzuigkap op maat","<p>Professionele afzuigkappen voor horeca en grootkeuken, als wandmodel of eilandmodel. Uitgevoerd met vetvangfilters en vetgoot, en passend gemaakt op de afmetingen van uw kooklijn.</p><h3>Specificaties</h3><ul><li><strong>Materiaal:</strong> RVS 304</li><li><strong>Type:</strong> Wand- of eilandmodel</li><li><strong>Filters:</strong> Uitneembare RVS vetvangfilters</li></ul><h3>Mogelijke opties</h3><ul><li>Verlichting</li><li>Vetgoot met aftapkraan</li><li>Aansluiting op bestaand kanaal</li></ul><p><em>Maatwerk – prijs op aanvraag.</em></p>","Firma S. van der Voet & Co. B.V.","","Horeca & grootkeuken","Horeca & grootkeuken, maatwerk, offerte","TRUE","0.00","FALSE","TRUE","draft"
"werktafel-onderplank","Werktafel met onderplank","<p>Vrijstaande werktafels met onderplank, op maat gemaakt. Ideaal als voorbereidingstafel in keukens of als inpaktafel in productieomgevingen.</p><h3>Specificaties</h3><ul><li><strong>Materiaal:</strong> RVS 304</li><li><strong>Afmetingen:</strong> Op maat</li><li><strong>Belasting:</strong> Afhankelijk van uitvoering, in overleg</li></ul><h3>Mogelijke opties</h3><ul><li>Achteropstand</li><li>Lades</li><li>Zwenkwielen met rem</li><li>Tweede onderplank</li></ul><p><em>Maatwerk – prijs op aanvraag.</em></p>","Firma S. van der Voet & Co. B.V.","","Horeca & grootkeuken","Horeca & grootkeuken, maatwerk, offerte","TRUE","0.00","FALSE","TRUE","draft"
"transportband-frame","Machineframe & transportband","<p>Wij ontwikkelen en bouwen machines en machineonderdelen voor de food- en non-foodindustrie. Van stevige RVS frames tot complete transportbanden, hygiënisch ontworpen en eenvoudig te reinigen.</p><h3>Specificaties</h3><ul><li><strong>Materiaal:</strong> RVS 304 / 316, staal verzinkt of gecoat</li><li><strong>Ontwerp:</strong> In overleg, eigen engineering</li><li><strong>Toepassing:</strong> Food &amp; non-food</li></ul><h3>Mogelijke opties</h3><ul><li>Hygiënisch ontwerp</li><li>Montage op locatie</li><li>Aanpassing bestaande lijnen</li></ul><p><em>Maatwerk – prijs op aanvraag.</em></p>","Firma S. van der Voet & Co. B.V.","","Food & non-food industrie","Food & non-food industrie, maatwerk, offerte","TRUE","0.00","FALSE","TRUE","draft"
"doseertrechter","Trechters & bunkers","<p>Trechters, bunkers en opvangbakken voor het doseren en verwerken van grondstoffen. Gemaakt naar tekening of in overleg ontworpen voor uw proces.</p><h3>Specificaties</h3><ul><li><strong>Materiaal:</strong> RVS 304 / 316</li><li><strong>Afmetingen:</strong> Naar tekening</li><li><strong>Afwerking:</strong> Geborsteld of gebeitst en gepassiveerd</li></ul><h3>Mogelijke opties</h3><ul><li>Schuifafsluiter</li><li>Deksel</li><li>Inspectieluik</li></ul><p><em>Maatwerk – prijs op aanvraag.</em></p>","Firma S. van der Voet & Co. B.V.","","Food & non-food industrie","Food & non-food industrie, maatwerk, offerte","TRUE","0.00","FALSE","TRUE","draft"
"machinebehuizing","Machinebehuizing & kappen","<p>Plaatwerk behuizingen en beschermkappen om machines, elektronica en bewegende delen veilig af te schermen. Inclusief deuren, scharnieren en ventilatie-openingen waar nodig.</p><h3>Specificaties</h3><ul><li><strong>Materiaal:</strong> RVS, aluminium of staal</li><li><strong>Bewerking:</strong> Knippen, zetten, lassen, afwerken</li></ul><h3>Mogelijke opties</h3><ul><li>Inspectiedeuren</li><li>Ventilatiesleuven</li><li>Poedercoating in RAL-kleur</li></ul><p><em>Maatwerk – prijs op aanvraag.</em></p>","Firma S. van der Voet & Co. B.V.","","Food & non-food industrie","Food & non-food industrie, maatwerk, offerte","TRUE","0.00","FALSE","TRUE","draft"
"koelcel-componenten","Componenten koelinstallaties","<p>Vervaardiging van onderdelen voor machines en apparaten voor industriële koeltechniek en klimaatregeling, zoals montageframes, condensbakken, omkastingen en beugels.</p><h3>Specificaties</h3><ul><li><strong>Materiaal:</strong> RVS, verzinkt staal, aluminium</li><li><strong>Toepassing:</strong> Koeling, vriezing, klimaatregeling</li></ul><h3>Mogelijke opties</h3><ul><li>Condensbakken met afvoer</li><li>Montageframes</li><li>Kanaalwerk</li></ul><p><em>Maatwerk – prijs op aanvraag.</em></p>","Firma S. van der Voet & Co. B.V.","","Koel- & klimaattechniek","Koel- & klimaattechniek, maatwerk, offerte","TRUE","0.00","FALSE","TRUE","draft"
"luchtkanaal","Kanalen & roosters","<p>Kanaalwerk voor ventilatie, afzuiging en klimaatbeheersing. We maken rechte delen, bochten en verloopstukken precies passend voor uw situatie.</p><h3>Specificaties</h3><ul><li><strong>Materiaal:</strong> RVS of verzinkt staal</li><li><strong>Vorm:</strong> Rond of rechthoekig</li></ul><h3>Mogelijke opties</h3><ul><li>Inspectieluiken</li><li>Regelkleppen</li><li>Roosters</li></ul><p><em>Maatwerk – prijs op aanvraag.</em></p>","Firma S. van der Voet & Co. B.V.","","Koel- & klimaattechniek","Koel- & klimaattechniek, maatwerk, offerte","TRUE","0.00","FALSE","TRUE","draft"
"maatwerk-constructie","Maatwerk metaalconstructie","<p>Met ruime ervaring in plaatwerk en metaalconstructies maken we vrijwel alles op maat: van beugels en kasten tot complete constructies. U levert een tekening of een idee, wij denken mee en voeren uit.</p><h3>Specificaties</h3><ul><li><strong>Materiaal:</strong> RVS, staal, aluminium</li><li><strong>Bewerkingen:</strong> Knippen, zetten, walsen, lassen (TIG/MIG), slijpen</li><li><strong>Oplage:</strong> Enkelstuks en kleine series</li></ul><h3>Mogelijke opties</h3><ul><li>Eigen ontwerp &amp; engineering</li><li>Montage op locatie</li><li>Poedercoating</li></ul><p><em>Maatwerk – prijs op aanvraag.</em></p>","Firma S. van der Voet & Co. B.V.","","Plaatwerk & constructies","Plaatwerk & constructies, maatwerk, offerte","TRUE","0.00","FALSE","TRUE","draft"
"trap-bordes","Bordessen, trappen & leuningen","<p>Veilige toegang tot machines en installaties met bordessen, trappen en leuningen op maat, in RVS of gegalvaniseerd staal.</p><h3>Specificaties</h3><ul><li><strong>Materiaal:</strong> RVS of thermisch verzinkt staal</li><li><strong>Afmetingen:</strong> Op maat</li></ul><h3>Mogelijke opties</h3><ul><li>Antislip roosters</li><li>Kantplanken</li><li>Hekwerk</li></ul><p><em>Maatwerk – prijs op aanvraag.</em></p>","Firma S. van der Voet & Co. B.V.","","Plaatwerk & constructies","Plaatwerk & constructies, maatwerk, offerte","TRUE","0.00","FALSE","TRUE","draft"
"kunstobject","Kunst- & designobjecten","<p>Naast industrieel werk vervaardigen we exclusieve kunst- en designobjecten. We werken nauw samen met kunstenaars, architecten en ontwerpers om hun idee om te zetten in een duurzaam object van metaal.</p><h3>Specificaties</h3><ul><li><strong>Materiaal:</strong> RVS, cortenstaal, messing, aluminium</li><li><strong>Afwerking:</strong> Spiegelglans, geborsteld, patina of gecoat</li></ul><h3>Mogelijke opties</h3><ul><li>Binnen- en buitenobjecten</li><li>Sokkels en bevestiging</li><li>Plaatsing</li></ul><p><em>Maatwerk – prijs op aanvraag.</em></p>","Firma S. van der Voet & Co. B.V.","","Kunst & design","Kunst & design, maatwerk, offerte","TRUE","0.00","FALSE","TRUE","draft"
"design-meubel","Designmeubels in metaal","<p>Unieke meubels en interieurelementen, zoals bars, balies, tafelonderstellen en wandpanelen. Eén voor één met de hand afgewerkt.</p><h3>Specificaties</h3><ul><li><strong>Materiaal:</strong> RVS, staal, messing</li><li><strong>Afmetingen:</strong> Op maat</li></ul><h3>Mogelijke opties</h3><ul><li>Combinatie met hout of natuursteen</li><li>Verlichting geïntegreerd</li></ul><p><em>Maatwerk – prijs op aanvraag.</em></p>","Firma S. van der Voet & Co. B.V.","","Kunst & design","Kunst & design, maatwerk, offerte","TRUE","0.00","FALSE","TRUE","draft"
